run_id,model_name,candidate_id,compare_group_id,n_reservoir,spectral_radius,chaotic_spectral_radius,input_scale,leak_rate,ridge_alpha,g_start,g_end,params_json,params_repr,n_series,horizon,mae_mean,rmse_mean,mase_mean,directional_accuracy_mean,fit_time_sec_mean,predict_time_sec_mean,total_runtime_sec,status,notes
architecture_tuning_esn_v1_20260329T153803Z,esn,esn_g001,esn_grp_001,64,0.9,,0.1,1.0,0.0001,,,"{""compare_group_id"": ""esn_grp_001"", ""model_params"": {""input_scale"": 0.1, ""leak_rate"": 1.0, ""n_reservoir"": 64, ""ridge_alpha"": 0.0001, ""seed"": 2026, ""spectral_radius"": 0.9}, ""runtime_params"": {}}","{'model_params': {'n_reservoir': 64, 'spectral_radius': 0.9, 'input_scale': 0.1, 'leak_rate': 1.0, 'ridge_alpha': 0.0001, 'seed': 2026}, 'runtime_params': {}, 'compare_group_id': 'esn_grp_001'}",12,1,0.010394548309348491,0.014367681738702372,0.6820256255959546,0.5028320986192303,0.4321654500025842,0.269285669437118,25.252240299829282,success,
architecture_tuning_esn_v1_20260329T153803Z,esn,esn_g001,esn_grp_001,64,0.9,,0.1,1.0,0.0001,,,"{""compare_group_id"": ""esn_grp_001"", ""model_params"": {""input_scale"": 0.1, ""leak_rate"": 1.0, ""n_reservoir"": 64, ""ridge_alpha"": 0.0001, ""seed"": 2026, ""spectral_radius"": 0.9}, ""runtime_params"": {}}","{'model_params': {'n_reservoir': 64, 'spectral_radius': 0.9, 'input_scale': 0.1, 'leak_rate': 1.0, 'ridge_alpha': 0.0001, 'seed': 2026}, 'runtime_params': {}, 'compare_group_id': 'esn_grp_001'}",12,5,0.02330462272532673,0.03140757195228856,1.5579673707462571,0.5142186926229845,0.2200205222211985,0.1373269750005824,12.864509899984114,success,
architecture_tuning_esn_v1_20260329T153803Z,esn,esn_g001,esn_grp_001,64,0.9,,0.1,1.0,0.0001,,,"{""compare_group_id"": ""esn_grp_001"", ""model_params"": {""input_scale"": 0.1, ""leak_rate"": 1.0, ""n_reservoir"": 64, ""ridge_alpha"": 0.0001, ""seed"": 2026, ""spectral_radius"": 0.9}, ""runtime_params"": {}}","{'model_params': {'n_reservoir': 64, 'spectral_radius': 0.9, 'input_scale': 0.1, 'leak_rate': 1.0, 'ridge_alpha': 0.0001, 'seed': 2026}, 'runtime_params': {}, 'compare_group_id': 'esn_grp_001'}",12,20,0.04768954333195959,0.06154801970929421,3.1879768378454045,0.49472852936431627,0.11045975554346417,0.06862462778291148,6.447037799749523,success,
architecture_tuning_esn_v1_20260329T153803Z,esn,esn_g002,esn_grp_002,96,0.95,,0.1,0.8,0.0001,,,"{""compare_group_id"": ""esn_grp_002"", ""model_params"": {""input_scale"": 0.1, ""leak_rate"": 0.8, ""n_reservoir"": 96, ""ridge_alpha"": 0.0001, ""seed"": 2026, ""spectral_radius"": 0.95}, ""runtime_params"": {}}","{'model_params': {'n_reservoir': 96, 'spectral_radius': 0.95, 'input_scale': 0.1, 'leak_rate': 0.8, 'ridge_alpha': 0.0001, 'seed': 2026}, 'runtime_params': {}, 'compare_group_id': 'esn_grp_002'}",12,1,0.010367614607642317,0.014336366698405179,0.6796647759153229,0.5039032153473144,0.48818384444004753,0.3018619277799088,28.441647799918428,success,
architecture_tuning_esn_v1_20260329T153803Z,esn,esn_g002,esn_grp_002,96,0.95,,0.1,0.8,0.0001,,,"{""compare_group_id"": ""esn_grp_002"", ""model_params"": {""input_scale"": 0.1, ""leak_rate"": 0.8, ""n_reservoir"": 96, ""ridge_alpha"": 0.0001, ""seed"": 2026, ""spectral_radius"": 0.95}, ""runtime_params"": {}}","{'model_params': {'n_reservoir': 96, 'spectral_radius': 0.95, 'input_scale': 0.1, 'leak_rate': 0.8, 'ridge_alpha': 0.0001, 'seed': 2026}, 'runtime_params': {}, 'compare_group_id': 'esn_grp_002'}",12,5,0.023319713176952844,0.03142107448277961,1.5631760344033567,0.5154013666419962,0.2484834694348845,0.15544259442766714,14.541338299051858,success,
architecture_tuning_esn_v1_20260329T153803Z,esn,esn_g002,esn_grp_002,96,0.95,,0.1,0.8,0.0001,,,"{""compare_group_id"": ""esn_grp_002"", ""model_params"": {""input_scale"": 0.1, ""leak_rate"": 0.8, ""n_reservoir"": 96, ""ridge_alpha"": 0.0001, ""seed"": 2026, ""spectral_radius"": 0.95}, ""runtime_params"": {}}","{'model_params': {'n_reservoir': 96, 'spectral_radius': 0.95, 'input_scale': 0.1, 'leak_rate': 0.8, 'ridge_alpha': 0.0001, 'seed': 2026}, 'runtime_params': {}, 'compare_group_id': 'esn_grp_002'}",12,20,0.04771501819164769,0.061567154745995036,3.1897412773198557,0.4955321714480752,0.12363893333369762,0.0770179055560018,7.2236462000291795,success,
architecture_tuning_esn_v1_20260329T153803Z,esn,esn_g003,esn_grp_003,128,0.98,,0.08,0.7,0.0005,,,"{""compare_group_id"": ""esn_grp_003"", ""model_params"": {""input_scale"": 0.08, ""leak_rate"": 0.7, ""n_reservoir"": 128, ""ridge_alpha"": 0.0005, ""seed"": 2026, ""spectral_radius"": 0.98}, ""runtime_params"": {}}","{'model_params': {'n_reservoir': 128, 'spectral_radius': 0.98, 'input_scale': 0.08, 'leak_rate': 0.7, 'ridge_alpha': 0.0005, 'seed': 2026}, 'runtime_params': {}, 'compare_group_id': 'esn_grp_003'}",12,1,0.010341376662373733,0.014291370215843086,0.6773609985805448,0.507183991941757,0.5762485083347807,0.35777577498811297,33.62487419962417,success,
architecture_tuning_esn_v1_20260329T153803Z,esn,esn_g003,esn_grp_003,128,0.98,,0.08,0.7,0.0005,,,"{""compare_group_id"": ""esn_grp_003"", ""model_params"": {""input_scale"": 0.08, ""leak_rate"": 0.7, ""n_reservoir"": 128, ""ridge_alpha"": 0.0005, ""seed"": 2026, ""spectral_radius"": 0.98}, ""runtime_params"": {}}","{'model_params': {'n_reservoir': 128, 'spectral_radius': 0.98, 'input_scale': 0.08, 'leak_rate': 0.7, 'ridge_alpha': 0.0005, 'seed': 2026}, 'runtime_params': {}, 'compare_group_id': 'esn_grp_003'}",12,5,0.02328078903148209,0.031388894407433754,1.556589419404968,0.5155740776203771,0.2949133416663648,0.18188929722075242,17.164894999936223,success,
architecture_tuning_esn_v1_20260329T153803Z,esn,esn_g003,esn_grp_003,128,0.98,,0.08,0.7,0.0005,,,"{""compare_group_id"": ""esn_grp_003"", ""model_params"": {""input_scale"": 0.08, ""leak_rate"": 0.7, ""n_reservoir"": 128, ""ridge_alpha"": 0.0005, ""seed"": 2026, ""spectral_radius"": 0.98}, ""runtime_params"": {}}","{'model_params': {'n_reservoir': 128, 'spectral_radius': 0.98, 'input_scale': 0.08, 'leak_rate': 0.7, 'ridge_alpha': 0.0005, 'seed': 2026}, 'runtime_params': {}, 'compare_group_id': 'esn_grp_003'}",12,20,0.04776794316810811,0.06157144711009622,3.189603833897907,0.49499674594262427,0.14732166110964803,0.09123454444084524,8.588023399817757,success,
architecture_tuning_esn_v1_20260329T153803Z,esn,esn_g004,esn_grp_004,160,0.92,,0.12,0.9,0.001,,,"{""compare_group_id"": ""esn_grp_004"", ""model_params"": {""input_scale"": 0.12, ""leak_rate"": 0.9, ""n_reservoir"": 160, ""ridge_alpha"": 0.001, ""seed"": 2026, ""spectral_radius"": 0.92}, ""runtime_params"": {}}","{'model_params': {'n_reservoir': 160, 'spectral_radius': 0.92, 'input_scale': 0.12, 'leak_rate': 0.9, 'ridge_alpha': 0.001, 'seed': 2026}, 'runtime_params': {}, 'compare_group_id': 'esn_grp_004'}",12,1,0.010352856343825713,0.01431152315879061,0.678352338223743,0.5029487639329754,0.6753047555555693,0.41758842222043313,39.34415439993609,success,
architecture_tuning_esn_v1_20260329T153803Z,esn,esn_g004,esn_grp_004,160,0.92,,0.12,0.9,0.001,,,"{""compare_group_id"": ""esn_grp_004"", ""model_params"": {""input_scale"": 0.12, ""leak_rate"": 0.9, ""n_reservoir"": 160, ""ridge_alpha"": 0.001, ""seed"": 2026, ""spectral_radius"": 0.92}, ""runtime_params"": {}}","{'model_params': {'n_reservoir': 160, 'spectral_radius': 0.92, 'input_scale': 0.12, 'leak_rate': 0.9, 'ridge_alpha': 0.001, 'seed': 2026}, 'runtime_params': {}, 'compare_group_id': 'esn_grp_004'}",12,5,0.023163242498235533,0.031231174328555364,1.5390451327076244,0.5135002732595695,0.34190741667407565,0.21257114998944515,19.96122839988675,success,
architecture_tuning_esn_v1_20260329T153803Z,esn,esn_g004,esn_grp_004,160,0.92,,0.12,0.9,0.001,,,"{""compare_group_id"": ""esn_grp_004"", ""model_params"": {""input_scale"": 0.12, ""leak_rate"": 0.9, ""n_reservoir"": 160, ""ridge_alpha"": 0.001, ""seed"": 2026, ""spectral_radius"": 0.92}, ""runtime_params"": {}}","{'model_params': {'n_reservoir': 160, 'spectral_radius': 0.92, 'input_scale': 0.12, 'leak_rate': 0.9, 'ridge_alpha': 0.001, 'seed': 2026}, 'runtime_params': {}, 'compare_group_id': 'esn_grp_004'}",12,20,0.04772484293579016,0.06152866527465806,3.1825443355985055,0.49454518468720066,0.16981130555116883,0.1043188499978795,9.86868559976574,success,
architecture_tuning_esn_v1_20260329T153803Z,chaotic_esn,chaotic_esn_g001,esn_grp_001,64,0.9,1.2,0.1,1.0,0.0001,,,"{""compare_group_id"": ""esn_grp_001"", ""model_params"": {""chaotic_spectral_radius"": 1.2, ""input_scale"": 0.1, ""leak_rate"": 1.0, ""n_reservoir"": 64, ""ridge_alpha"": 0.0001, ""seed"": 2026, ""spectral_radius"": 0.9}, ""runtime_params"": {}}","{'model_params': {'n_reservoir': 64, 'spectral_radius': 0.9, 'chaotic_spectral_radius': 1.2, 'input_scale': 0.1, 'leak_rate': 1.0, 'ridge_alpha': 0.0001, 'seed': 2026}, 'runtime_params': {}, 'compare_group_id': 'esn_grp_001'}",12,1,0.010999481454626028,0.015536909420227526,0.7191475790261573,0.4996293329807145,0.4336332444347337,0.2700599166791006,25.33295380009804,success,
architecture_tuning_esn_v1_20260329T153803Z,chaotic_esn,chaotic_esn_g001,esn_grp_001,64,0.9,1.2,0.1,1.0,0.0001,,,"{""compare_group_id"": ""esn_grp_001"", ""model_params"": {""chaotic_spectral_radius"": 1.2, ""input_scale"": 0.1, ""leak_rate"": 1.0, ""n_reservoir"": 64, ""ridge_alpha"": 0.0001, ""seed"": 2026, ""spectral_radius"": 0.9}, ""runtime_params"": {}}","{'model_params': {'n_reservoir': 64, 'spectral_radius': 0.9, 'chaotic_spectral_radius': 1.2, 'input_scale': 0.1, 'leak_rate': 1.0, 'ridge_alpha': 0.0001, 'seed': 2026}, 'runtime_params': {}, 'compare_group_id': 'esn_grp_001'}",12,5,0.024790651887008613,0.0332120190177705,1.688271995118107,0.5012636397141818,0.22059320555288445,0.13720999998945946,12.880915399524383,success,
architecture_tuning_esn_v1_20260329T153803Z,chaotic_esn,chaotic_esn_g001,esn_grp_001,64,0.9,1.2,0.1,1.0,0.0001,,,"{""compare_group_id"": ""esn_grp_001"", ""model_params"": {""chaotic_spectral_radius"": 1.2, ""input_scale"": 0.1, ""leak_rate"": 1.0, ""n_reservoir"": 64, ""ridge_alpha"": 0.0001, ""seed"": 2026, ""spectral_radius"": 0.9}, ""runtime_params"": {}}","{'model_params': {'n_reservoir': 64, 'spectral_radius': 0.9, 'chaotic_spectral_radius': 1.2, 'input_scale': 0.1, 'leak_rate': 1.0, 'ridge_alpha': 0.0001, 'seed': 2026}, 'runtime_params': {}, 'compare_group_id': 'esn_grp_001'}",12,20,0.049912334025310263,0.06476111057317578,3.3422625620851076,0.5077951211990984,0.11070800000258409,0.0689723416710169,6.468492300249636,success,
architecture_tuning_esn_v1_20260329T153803Z,chaotic_esn,chaotic_esn_g002,esn_grp_002,96,0.95,1.25,0.1,0.8,0.0001,,,"{""compare_group_id"": ""esn_grp_002"", ""model_params"": {""chaotic_spectral_radius"": 1.25, ""input_scale"": 0.1, ""leak_rate"": 0.8, ""n_reservoir"": 96, ""ridge_alpha"": 0.0001, ""seed"": 2026, ""spectral_radius"": 0.95}, ""runtime_params"": {}}","{'model_params': {'n_reservoir': 96, 'spectral_radius': 0.95, 'chaotic_spectral_radius': 1.25, 'input_scale': 0.1, 'leak_rate': 0.8, 'ridge_alpha': 0.0001, 'seed': 2026}, 'runtime_params': {}, 'compare_group_id': 'esn_grp_002'}",12,1,0.010631669519828172,0.014730168451518214,0.6957751801022097,0.5007984906462047,0.48397612776736637,0.3019129888853059,28.292008199496195,success,
architecture_tuning_esn_v1_20260329T153803Z,chaotic_esn,chaotic_esn_g002,esn_grp_002,96,0.95,1.25,0.1,0.8,0.0001,,,"{""compare_group_id"": ""esn_grp_002"", ""model_params"": {""chaotic_spectral_radius"": 1.25, ""input_scale"": 0.1, ""leak_rate"": 0.8, ""n_reservoir"": 96, ""ridge_alpha"": 0.0001, ""seed"": 2026, ""spectral_radius"": 0.95}, ""runtime_params"": {}}","{'model_params': {'n_reservoir': 96, 'spectral_radius': 0.95, 'chaotic_spectral_radius': 1.25, 'input_scale': 0.1, 'leak_rate': 0.8, 'ridge_alpha': 0.0001, 'seed': 2026}, 'runtime_params': {}, 'compare_group_id': 'esn_grp_002'}",12,5,0.024480296344171606,0.033038773112283974,1.6625723518610795,0.5070071814842384,0.2449938638924828,0.15336319167141077,14.340854000300169,success,
architecture_tuning_esn_v1_20260329T153803Z,chaotic_esn,chaotic_esn_g002,esn_grp_002,96,0.95,1.25,0.1,0.8,0.0001,,,"{""compare_group_id"": ""esn_grp_002"", ""model_params"": {""chaotic_spectral_radius"": 1.25, ""input_scale"": 0.1, ""leak_rate"": 0.8, ""n_reservoir"": 96, ""ridge_alpha"": 0.0001, ""seed"": 2026, ""spectral_radius"": 0.95}, ""runtime_params"": {}}","{'model_params': {'n_reservoir': 96, 'spectral_radius': 0.95, 'chaotic_spectral_radius': 1.25, 'input_scale': 0.1, 'leak_rate': 0.8, 'ridge_alpha': 0.0001, 'seed': 2026}, 'runtime_params': {}, 'compare_group_id': 'esn_grp_002'}",12,20,0.05003216624556578,0.06728686751557349,3.382112977789939,0.5085186234446596,0.12288245001238668,0.07651925277766876,7.178461300441995,success,
architecture_tuning_esn_v1_20260329T153803Z,chaotic_esn,chaotic_esn_g003,esn_grp_003,128,0.98,1.3,0.08,0.7,0.0005,,,"{""compare_group_id"": ""esn_grp_003"", ""model_params"": {""chaotic_spectral_radius"": 1.3, ""input_scale"": 0.08, ""leak_rate"": 0.7, ""n_reservoir"": 128, ""ridge_alpha"": 0.0005, ""seed"": 2026, ""spectral_radius"": 0.98}, ""runtime_params"": {}}","{'model_params': {'n_reservoir': 128, 'spectral_radius': 0.98, 'chaotic_spectral_radius': 1.3, 'input_scale': 0.08, 'leak_rate': 0.7, 'ridge_alpha': 0.0005, 'seed': 2026}, 'runtime_params': {}, 'compare_group_id': 'esn_grp_003'}",12,1,0.01228276575796864,0.017123746896677765,0.8060863918591687,0.4980924749643045,0.5773372555591374,0.35938736388278714,33.72208629990928,success,
architecture_tuning_esn_v1_20260329T153803Z,chaotic_esn,chaotic_esn_g003,esn_grp_003,128,0.98,1.3,0.08,0.7,0.0005,,,"{""compare_group_id"": ""esn_grp_003"", ""model_params"": {""chaotic_spectral_radius"": 1.3, ""input_scale"": 0.08, ""leak_rate"": 0.7, ""n_reservoir"": 128, ""ridge_alpha"": 0.0005, ""seed"": 2026, ""spectral_radius"": 0.98}, ""runtime_params"": {}}","{'model_params': {'n_reservoir': 128, 'spectral_radius': 0.98, 'chaotic_spectral_radius': 1.3, 'input_scale': 0.08, 'leak_rate': 0.7, 'ridge_alpha': 0.0005, 'seed': 2026}, 'runtime_params': {}, 'compare_group_id': 'esn_grp_003'}",12,5,0.0247903115117102,0.03385488314017872,1.6643314827068243,0.5158051480422144,0.2922291972208768,0.18160768612223263,17.05812780035194,success,
architecture_tuning_esn_v1_20260329T153803Z,chaotic_esn,chaotic_esn_g003,esn_grp_003,128,0.98,1.3,0.08,0.7,0.0005,,,"{""compare_group_id"": ""esn_grp_003"", ""model_params"": {""chaotic_spectral_radius"": 1.3, ""input_scale"": 0.08, ""leak_rate"": 0.7, ""n_reservoir"": 128, ""ridge_alpha"": 0.0005, ""seed"": 2026, ""spectral_radius"": 0.98}, ""runtime_params"": {}}","{'model_params': {'n_reservoir': 128, 'spectral_radius': 0.98, 'chaotic_spectral_radius': 1.3, 'input_scale': 0.08, 'leak_rate': 0.7, 'ridge_alpha': 0.0005, 'seed': 2026}, 'runtime_params': {}, 'compare_group_id': 'esn_grp_003'}",12,20,0.04753378675828981,0.0613365172320566,3.1766950879973783,0.5008160627354807,0.14643552500961554,0.09128993333110379,8.558116500265896,success,
architecture_tuning_esn_v1_20260329T153803Z,chaotic_esn,chaotic_esn_g004,esn_grp_004,160,0.92,1.22,0.12,0.9,0.001,,,"{""compare_group_id"": ""esn_grp_004"", ""model_params"": {""chaotic_spectral_radius"": 1.22, ""input_scale"": 0.12, ""leak_rate"": 0.9, ""n_reservoir"": 160, ""ridge_alpha"": 0.001, ""seed"": 2026, ""spectral_radius"": 0.92}, ""runtime_params"": {}}","{'model_params': {'n_reservoir': 160, 'spectral_radius': 0.92, 'chaotic_spectral_radius': 1.22, 'input_scale': 0.12, 'leak_rate': 0.9, 'ridge_alpha': 0.001, 'seed': 2026}, 'runtime_params': {}, 'compare_group_id': 'esn_grp_004'}",12,1,0.011735117683536932,0.016204553080078374,0.7727823461212906,0.4952180436518327,0.6685817138867504,0.415418097231951,39.02399320027325,success,
architecture_tuning_esn_v1_20260329T153803Z,chaotic_esn,chaotic_esn_g004,esn_grp_004,160,0.92,1.22,0.12,0.9,0.001,,,"{""compare_group_id"": ""esn_grp_004"", ""model_params"": {""chaotic_spectral_radius"": 1.22, ""input_scale"": 0.12, ""leak_rate"": 0.9, ""n_reservoir"": 160, ""ridge_alpha"": 0.001, ""seed"": 2026, ""spectral_radius"": 0.92}, ""runtime_params"": {}}","{'model_params': {'n_reservoir': 160, 'spectral_radius': 0.92, 'chaotic_spectral_radius': 1.22, 'input_scale': 0.12, 'leak_rate': 0.9, 'ridge_alpha': 0.001, 'seed': 2026}, 'runtime_params': {}, 'compare_group_id': 'esn_grp_004'}",12,5,0.025442681533108424,0.0346726405740809,1.6995347643988385,0.5114988015253513,0.3372026611177717,0.20991679721757664,19.69630050007254,success,
architecture_tuning_esn_v1_20260329T153803Z,chaotic_esn,chaotic_esn_g004,esn_grp_004,160,0.92,1.22,0.12,0.9,0.001,,,"{""compare_group_id"": ""esn_grp_004"", ""model_params"": {""chaotic_spectral_radius"": 1.22, ""input_scale"": 0.12, ""leak_rate"": 0.9, ""n_reservoir"": 160, ""ridge_alpha"": 0.001, ""seed"": 2026, ""spectral_radius"": 0.92}, ""runtime_params"": {}}","{'model_params': {'n_reservoir': 160, 'spectral_radius': 0.92, 'chaotic_spectral_radius': 1.22, 'input_scale': 0.12, 'leak_rate': 0.9, 'ridge_alpha': 0.001, 'seed': 2026}, 'runtime_params': {}, 'compare_group_id': 'esn_grp_004'}",12,20,0.04764911907732803,0.06143807819686486,3.180126727042346,0.5019617008975968,0.17019787221215665,0.10513189167249946,9.91187149984762,success,
architecture_tuning_esn_v1_20260329T153803Z,transient_chaotic_esn,transient_chaotic_esn_g001,esn_grp_001,64,0.9,,0.1,1.0,0.0001,1.25,0.95,"{""compare_group_id"": ""esn_grp_001"", ""model_params"": {""g_end"": 0.95, ""g_start"": 1.25, ""input_scale"": 0.1, ""leak_rate"": 1.0, ""n_reservoir"": 64, ""ridge_alpha"": 0.0001, ""seed"": 2026, ""spectral_radius"": 0.9}, ""runtime_params"": {}}","{'model_params': {'n_reservoir': 64, 'spectral_radius': 0.9, 'input_scale': 0.1, 'leak_rate': 1.0, 'ridge_alpha': 0.0001, 'g_start': 1.25, 'g_end': 0.95, 'seed': 2026}, 'runtime_params': {}, 'compare_group_id': 'esn_grp_001'}",12,1,0.010392390738578351,0.01435703603003999,0.6823097855474165,0.5054894164482692,0.53549203333225,0.3339243666689274,31.298990400042385,success,
architecture_tuning_esn_v1_20260329T153803Z,transient_chaotic_esn,transient_chaotic_esn_g001,esn_grp_001,64,0.9,,0.1,1.0,0.0001,1.25,0.95,"{""compare_group_id"": ""esn_grp_001"", ""model_params"": {""g_end"": 0.95, ""g_start"": 1.25, ""input_scale"": 0.1, ""leak_rate"": 1.0, ""n_reservoir"": 64, ""ridge_alpha"": 0.0001, ""seed"": 2026, ""spectral_radius"": 0.9}, ""runtime_params"": {}}","{'model_params': {'n_reservoir': 64, 'spectral_radius': 0.9, 'input_scale': 0.1, 'leak_rate': 1.0, 'ridge_alpha': 0.0001, 'g_start': 1.25, 'g_end': 0.95, 'seed': 2026}, 'runtime_params': {}, 'compare_group_id': 'esn_grp_001'}",12,5,0.023407375987138875,0.03152207712618327,1.5742028950646547,0.5099978290644331,0.2723160888741,0.1703108583460562,15.934570099925622,success,
architecture_tuning_esn_v1_20260329T153803Z,transient_chaotic_esn,transient_chaotic_esn_g001,esn_grp_001,64,0.9,,0.1,1.0,0.0001,1.25,0.95,"{""compare_group_id"": ""esn_grp_001"", ""model_params"": {""g_end"": 0.95, ""g_start"": 1.25, ""input_scale"": 0.1, ""leak_rate"": 1.0, ""n_reservoir"": 64, ""ridge_alpha"": 0.0001, ""seed"": 2026, ""spectral_radius"": 0.9}, ""runtime_params"": {}}","{'model_params': {'n_reservoir': 64, 'spectral_radius': 0.9, 'input_scale': 0.1, 'leak_rate': 1.0, 'ridge_alpha': 0.0001, 'g_start': 1.25, 'g_end': 0.95, 'seed': 2026}, 'runtime_params': {}, 'compare_group_id': 'esn_grp_001'}",12,20,0.04764358963206822,0.061533198076074054,3.1870498942767234,0.4968998989018674,0.13723840833538112,0.08573396110700238,8.027005299925804,success,
architecture_tuning_esn_v1_20260329T153803Z,transient_chaotic_esn,transient_chaotic_esn_g002,esn_grp_002,96,0.95,,0.1,0.8,0.0001,1.3,0.95,"{""compare_group_id"": ""esn_grp_002"", ""model_params"": {""g_end"": 0.95, ""g_start"": 1.3, ""input_scale"": 0.1, ""leak_rate"": 0.8, ""n_reservoir"": 96, ""ridge_alpha"": 0.0001, ""seed"": 2026, ""spectral_radius"": 0.95}, ""runtime_params"": {}}","{'model_params': {'n_reservoir': 96, 'spectral_radius': 0.95, 'input_scale': 0.1, 'leak_rate': 0.8, 'ridge_alpha': 0.0001, 'g_start': 1.3, 'g_end': 0.95, 'seed': 2026}, 'runtime_params': {}, 'compare_group_id': 'esn_grp_002'}",12,1,0.010360848949209129,0.014324309209638494,0.6794599394499302,0.5009191533421151,0.584345080559918,0.36666398333424394,34.23632630018983,success,
architecture_tuning_esn_v1_20260329T153803Z,transient_chaotic_esn,transient_chaotic_esn_g002,esn_grp_002,96,0.95,,0.1,0.8,0.0001,1.3,0.95,"{""compare_group_id"": ""esn_grp_002"", ""model_params"": {""g_end"": 0.95, ""g_start"": 1.3, ""input_scale"": 0.1, ""leak_rate"": 0.8, ""n_reservoir"": 96, ""ridge_alpha"": 0.0001, ""seed"": 2026, ""spectral_radius"": 0.95}, ""runtime_params"": {}}","{'model_params': {'n_reservoir': 96, 'spectral_radius': 0.95, 'input_scale': 0.1, 'leak_rate': 0.8, 'ridge_alpha': 0.0001, 'g_start': 1.3, 'g_end': 0.95, 'seed': 2026}, 'runtime_params': {}, 'compare_group_id': 'esn_grp_002'}",12,5,0.02333578608268773,0.031449819400724,1.5640146564337591,0.5127796974974874,0.2981677027904273,0.18646091111521754,17.446630100603215,success,
architecture_tuning_esn_v1_20260329T153803Z,transient_chaotic_esn,transient_chaotic_esn_g002,esn_grp_002,96,0.95,,0.1,0.8,0.0001,1.3,0.95,"{""compare_group_id"": ""esn_grp_002"", ""model_params"": {""g_end"": 0.95, ""g_start"": 1.3, ""input_scale"": 0.1, ""leak_rate"": 0.8, ""n_reservoir"": 96, ""ridge_alpha"": 0.0001, ""seed"": 2026, ""spectral_radius"": 0.95}, ""runtime_params"": {}}","{'model_params': {'n_reservoir': 96, 'spectral_radius': 0.95, 'input_scale': 0.1, 'leak_rate': 0.8, 'ridge_alpha': 0.0001, 'g_start': 1.3, 'g_end': 0.95, 'seed': 2026}, 'runtime_params': {}, 'compare_group_id': 'esn_grp_002'}",12,20,0.04759312950856324,0.06147920160763922,3.1860622020255973,0.4970098605210711,0.15016198610667036,0.09320005834645902,8.761033600312658,success,
architecture_tuning_esn_v1_20260329T153803Z,transient_chaotic_esn,transient_chaotic_esn_g003,esn_grp_003,128,0.98,,0.08,0.7,0.0005,1.35,0.95,"{""compare_group_id"": ""esn_grp_003"", ""model_params"": {""g_end"": 0.95, ""g_start"": 1.35, ""input_scale"": 0.08, ""leak_rate"": 0.7, ""n_reservoir"": 128, ""ridge_alpha"": 0.0005, ""seed"": 2026, ""spectral_radius"": 0.98}, ""runtime_params"": {}}","{'model_params': {'n_reservoir': 128, 'spectral_radius': 0.98, 'input_scale': 0.08, 'leak_rate': 0.7, 'ridge_alpha': 0.0005, 'g_start': 1.35, 'g_end': 0.95, 'seed': 2026}, 'runtime_params': {}, 'compare_group_id': 'esn_grp_003'}",12,1,0.010385344672110332,0.01432024681459104,0.6820023404138263,0.503699893742481,0.6894672555596721,0.4280105249910977,40.22920009982772,success,
architecture_tuning_esn_v1_20260329T153803Z,transient_chaotic_esn,transient_chaotic_esn_g003,esn_grp_003,128,0.98,,0.08,0.7,0.0005,1.35,0.95,"{""compare_group_id"": ""esn_grp_003"", ""model_params"": {""g_end"": 0.95, ""g_start"": 1.35, ""input_scale"": 0.08, ""leak_rate"": 0.7, ""n_reservoir"": 128, ""ridge_alpha"": 0.0005, ""seed"": 2026, ""spectral_radius"": 0.98}, ""runtime_params"": {}}","{'model_params': {'n_reservoir': 128, 'spectral_radius': 0.98, 'input_scale': 0.08, 'leak_rate': 0.7, 'ridge_alpha': 0.0005, 'g_start': 1.35, 'g_end': 0.95, 'seed': 2026}, 'runtime_params': {}, 'compare_group_id': 'esn_grp_003'}",12,5,0.02339023900983392,0.031502979045109895,1.5729297684427905,0.5122899792109157,0.3515669194425249,0.21852925278168797,20.523462200071663,success,
architecture_tuning_esn_v1_20260329T153803Z,transient_chaotic_esn,transient_chaotic_esn_g003,esn_grp_003,128,0.98,,0.08,0.7,0.0005,1.35,0.95,"{""compare_group_id"": ""esn_grp_003"", ""model_params"": {""g_end"": 0.95, ""g_start"": 1.35, ""input_scale"": 0.08, ""leak_rate"": 0.7, ""n_reservoir"": 128, ""ridge_alpha"": 0.0005, ""seed"": 2026, ""spectral_radius"": 0.98}, ""runtime_params"": {}}","{'model_params': {'n_reservoir': 128, 'spectral_radius': 0.98, 'input_scale': 0.08, 'leak_rate': 0.7, 'ridge_alpha': 0.0005, 'g_start': 1.35, 'g_end': 0.95, 'seed': 2026}, 'runtime_params': {}, 'compare_group_id': 'esn_grp_003'}",12,20,0.047784861896223524,0.0615961838451452,3.191914039375044,0.4960823451414578,0.17634704445825064,0.1088208805433371,10.266045300057158,success,
architecture_tuning_esn_v1_20260329T153803Z,transient_chaotic_esn,transient_chaotic_esn_g004,esn_grp_004,160,0.92,,0.12,0.9,0.001,1.28,0.95,"{""compare_group_id"": ""esn_grp_004"", ""model_params"": {""g_end"": 0.95, ""g_start"": 1.28, ""input_scale"": 0.12, ""leak_rate"": 0.9, ""n_reservoir"": 160, ""ridge_alpha"": 0.001, ""seed"": 2026, ""spectral_radius"": 0.92}, ""runtime_params"": {}}","{'model_params': {'n_reservoir': 160, 'spectral_radius': 0.92, 'input_scale': 0.12, 'leak_rate': 0.9, 'ridge_alpha': 0.001, 'g_start': 1.28, 'g_end': 0.95, 'seed': 2026}, 'runtime_params': {}, 'compare_group_id': 'esn_grp_004'}",12,1,0.010360384840056773,0.0143152218649881,0.6785631470407831,0.5026751090713998,0.7846242750011799,0.4891986444514865,45.85762510029599,success,
architecture_tuning_esn_v1_20260329T153803Z,transient_chaotic_esn,transient_chaotic_esn_g004,esn_grp_004,160,0.92,,0.12,0.9,0.001,1.28,0.95,"{""compare_group_id"": ""esn_grp_004"", ""model_params"": {""g_end"": 0.95, ""g_start"": 1.28, ""input_scale"": 0.12, ""leak_rate"": 0.9, ""n_reservoir"": 160, ""ridge_alpha"": 0.001, ""seed"": 2026, ""spectral_radius"": 0.92}, ""runtime_params"": {}}","{'model_params': {'n_reservoir': 160, 'spectral_radius': 0.92, 'input_scale': 0.12, 'leak_rate': 0.9, 'ridge_alpha': 0.001, 'g_start': 1.28, 'g_end': 0.95, 'seed': 2026}, 'runtime_params': {}, 'compare_group_id': 'esn_grp_004'}",12,5,0.023238912394934252,0.031356531235633055,1.547665565920039,0.5141790729750663,0.39777498888563256,0.24852558610533984,23.26682069967501,success,
architecture_tuning_esn_v1_20260329T153803Z,transient_chaotic_esn,transient_chaotic_esn_g004,esn_grp_004,160,0.92,,0.12,0.9,0.001,1.28,0.95,"{""compare_group_id"": ""esn_grp_004"", ""model_params"": {""g_end"": 0.95, ""g_start"": 1.28, ""input_scale"": 0.12, ""leak_rate"": 0.9, ""n_reservoir"": 160, ""ridge_alpha"": 0.001, ""seed"": 2026, ""spectral_radius"": 0.92}, ""runtime_params"": {}}","{'model_params': {'n_reservoir': 160, 'spectral_radius': 0.92, 'input_scale': 0.12, 'leak_rate': 0.9, 'ridge_alpha': 0.001, 'g_start': 1.28, 'g_end': 0.95, 'seed': 2026}, 'runtime_params': {}, 'compare_group_id': 'esn_grp_004'}",12,20,0.047796898898081884,0.06159255907450345,3.1905318120062494,0.49649375429404535,0.19873324723448602,0.12352859721350899,11.60142640012782,success,
